"TargetModule","Coverage"
"iterator","0.4214876033057851"
"timing","0.5"
"person","0.9333333333333333"
"address","0.8837209302325582"
"text","0.9615384615384616"
"payment","0.9615384615384616"
"structure","0.9310344827586207"
"base","0.4411764705882353"
"text","0.9615384615384616"
"pl","0.8035714285714286"
"pt_br","0.9375"
"ru","0.9761904761904762"
"decorators","0.18181818181818182"
"generation","0.8648648648648649"
"manipulation","0.6574074074074074"
"validation","0.6638655462184874"
"lib","0.7777777777777778"
"renderfunc","1.0"
"roughparse","0.16030534351145037"
"base","0.925531914893617"
"fields","0.7866108786610879"
"formats","0.6615384615384615"
"composites","0.6571428571428571"
"json_schema","0.6051502145922747"
"_internal_utils","0.76"
"_internal_utils","0.76"
"_internal_utils","0.76"
"attr_category","0.46511627906976744"
"attr_category","0.46511627906976744"
"attr_category","0.46511627906976744"
"color","0.7"
"attr_category","0.46511627906976744"
"attr_category","0.46511627906976744"
"attr_category","0.46511627906976744"
"color","0.7"
"api","0.589041095890411"
"configuration","0.4583333333333333"
"format","0.21428571428571427"
"utils","0.6363636363636364"
"conf","0.8"
"box","0.9333333333333333"
"lazy","0.6923076923076923"
"task","0.3333333333333333"
"maybe","0.5833333333333334"
"utils","0.3235294117647059"
"monad_try","0.84"
"either","0.9333333333333333"
"semigroups","0.9722222222222222"
"validation","0.7083333333333334"
"immutable_list","0.7111111111111111"
"monad_try","0.84"
"exchange","0.2727272727272727"
"either","0.9333333333333333"
"generic","0.42857142857142855"
"ledger","0.17073170731707318"
"tokens","0.5121951219512195"
"tokenize_json","0.4444444444444444"
"tokenize_yaml","0.6190476190476191"
"positional_validation","0.25"
"env","0.7857142857142857"
"log","0.8275862068965517"
"path","0.3333333333333333"
"props","0.7142857142857143"
"rand","1.0"
"path","0.3333333333333333"
"rand","1.0"
"simple_import","0.6666666666666666"
"lazy_import","0.40594059405940597"
"utils","0.5862068965517241"
"router","0.4864864864864865"
"cookies","0.48936170212765956"
"headers","0.27710843373493976"
"exceptions","0.9555555555555556"
"routes","0.3918918918918919"
"blueprint_group","0.8"
"exceptions","0.4444444444444444"
"middleware","0.8333333333333334"
"config","0.6842105263157895"
"context","0.5555555555555556"
"downloads","0.31666666666666665"
"repository","0.9523809523809523"
"decorators","0.6666666666666666"
"namedtupleutils","0.05714285714285714"
"packages","0.0379746835443038"
"strutils","0.8333333333333334"
"iterator","0.47107438016528924"
"timing","0.5"
"common","0.3333333333333333"
"sessions","0.5"
"status","1.0"
"uploads","0.4318181818181818"
"processing","0.43478260869565216"
"writer","0.1702127659574468"
"colors","0.10256410256410256"
"headers","0.6"
"base","0.7857142857142857"
"builtin","1.0"
"models","0.20454545454545456"
"script_0","1.0"
"script_1","1.0"
"script_2","1.0"
"script_3","1.0"
"script_4","1.0"
"script_5","1.0"
"script_6","1.0"
"script_7","1.0"
"script_8","1.0"
"script_9","1.0"
"script_10","1.0"
"script_13","1.0"
"script_14","1.0"
"script_15","1.0"
"script_16","1.0"
"script_17","1.0"
"script_18","1.0"
"script_19","1.0"
"script_20","1.0"
"script_21","1.0"
"script_22","1.0"
"script_23","1.0"
"script_24","1.0"
"script_25","1.0"
"script_26","1.0"
"script_27","1.0"
"script_28","1.0"
"script_29","1.0"
"script_30","1.0"
"script_31","1.0"
"script_32","0.9285714285714286"
"script_32","0.9285714285714286"
"script_33","1.0"
"script_34","1.0"
"script_35","1.0"
"script_36","1.0"
"script_37","1.0"
"script_38","1.0"
"script_41","1.0"
"script_42","1.0"
"script_44","1.0"
"script_45","1.0"
"script_46","1.0"
"script_47","1.0"
"script_48","1.0"
"script_49","1.0"
"script_50","1.0"
"script_51","1.0"
"script_52","1.0"
"script_53","1.0"
"script_54","1.0"
"script_55","1.0"
"script_56","1.0"
"script_57","1.0"
"script_58","1.0"
"script_59","0.9230769230769231"
"script_60","1.0"
"script_61","1.0"
"script_62","1.0"
"script_63","1.0"
"script_63","1.0"
"script_65","1.0"
"script_66","1.0"
"script_67","1.0"
"script_68","1.0"
"script_69","1.0"
"script_70","1.0"
"script_71","1.0"
"script_73","1.0"
"script_74","1.0"
"script_77","1.0"
"script_78","1.0"
"script_79","1.0"
"script_80","1.0"
"script_82","1.0"
"script_83","1.0"
"script_84","1.0"
"script_85","1.0"
"script_86","1.0"
"script_87","1.0"
"script_88","1.0"
"script_89","1.0"
"script_90","1.0"
"script_91","1.0"
"script_93","1.0"
"script_94","1.0"
"script_96","1.0"
"script_97","1.0"
"script_98","1.0"
"script_100","1.0"
"script_101","1.0"
"script_102","1.0"
"script_103","1.0"
"script_104","1.0"
"script_105","1.0"
"script_106","1.0"
"script_107","1.0"
"script_108","1.0"
"script_109","1.0"
"script_110","1.0"
"script_112","1.0"
"script_113","1.0"
"script_114","1.0"
"script_115","1.0"
"script_116","1.0"
"script_117","1.0"
"script_118","1.0"
"script_120","1.0"
"script_121","1.0"
"script_122","1.0"
"script_125","1.0"
"script_126","1.0"
"script_128","1.0"
"script_129","1.0"
"script_130","1.0"
"script_131","1.0"
"script_133","1.0"
"script_135","1.0"
"script_136","1.0"
"script_137","1.0"
"script_138","1.0"
"script_145","1.0"
"script_146","1.0"
"script_149","1.0"
"script_150","1.0"
"script_151","1.0"
"script_152","1.0"
"script_153","1.0"
"script_154","1.0"
"script_155","1.0"
"script_157","1.0"
"script_158","1.0"
"script_159","1.0"
"script_160","1.0"
"script_161","1.0"
"script_162","1.0"
"script_163","1.0"
"path","0.3333333333333333"
"colors","0.10256410256410256"
"_timers","0.7407407407407407"
"_timer","0.8666666666666667"
"_timers","0.7407407407407407"
"_timers","0.7407407407407407"
"_timers","0.5185185185185185"
"_timers","0.7037037037037037"
"_timers_d","0.8148148148148148"
"_timer_d","0.9333333333333333"
"_timer_d","0.8666666666666667"
"_timer_d","0.8666666666666667"
"_timer_d","0.8666666666666667"
"_timer_d","1.0"
"_timer_d","0.8666666666666667"
"_timer_d","1.0"
"_timer_d","0.8666666666666667"
"_timer_d","0.8666666666666667"
"_timer_d","1.0"
"_timer_d","0.9333333333333333"
"_timer_d","0.9333333333333333"
"decorators_d","0.6666666666666666"
"decorators_d","0.6666666666666666"
"namedtupleutils_d","0.9142857142857143"
"objutils_d","0.8148148148148148"
"packages_d","0.0379746835443038"
"strutils_d","0.8333333333333334"
"structure_d","0.8245614035087719"
"timing_d","0.5"
"common_d","0.3333333333333333"
"decorators_d","0.18181818181818182"
"schema_d","0.7575757575757576"
"en_d","1.0"
"pl_d","0.8392857142857143"
"pt_br_d","0.9375"
"ru_d","0.9761904761904762"
"address_d","0.8837209302325582"
"base_d","0.4411764705882353"
"choice_d","0.8421052631578947"
"cryptographic_d","0.9333333333333333"
"text_d","0.9615384615384616"
"payment_d","0.9615384615384616"
"structure_d","0.896551724137931"
"_internal_utils_d","0.76"
"configuration_d","0.4583333333333333"
"constants_d","1.0"
"format_d","0.21428571428571427"
"utils_d","0.6363636363636364"
"conf_d","0.6"
"box_d","0.9333333333333333"
"immutable_list_d","0.6444444444444445"
"lazy_d","0.5769230769230769"
"maybe_d","0.4444444444444444"
"monad_try_d","0.8"
"semigroups_d","0.7777777777777778"
"utils_d","0.35294117647058826"
"validation_d","0.7083333333333334"
"exchange_d","0.2727272727272727"
"generic_d","0.42857142857142855"
"journaling_d","0.15"
"ledger_d","0.14634146341463414"
"errors_d","0.3333333333333333"
"generation_d","0.8918918918918919"
"jedi_utils_d","0.48717948717948717"
"base_d","0.8936170212765957"
"composites_d","0.6285714285714286"
"positional_validation_d","0.25"
"tokenize_yaml_d","0.7142857142857143"
"tokens_d","0.6097560975609756"
"env_d","0.8571428571428571"
"log_d","0.8275862068965517"
"path_d","0.3333333333333333"
"props_d","0.7142857142857143"
"rand_d","1.0"
"simple_import_d","0.6666666666666666"
"blueprint_group_d","0.9333333333333333"
"cookies_d","0.6808510638297872"
"exceptions_d","0.9555555555555556"
"helpers_d","0.7222222222222222"
"utils_d","0.7241379310344828"
"config_d","0.6842105263157895"
"context_d","0.5555555555555556"
"sessions_d","0.6458333333333334"
"uploads_d","0.45454545454545453"
"utils_d","0.5405405405405406"
"processing_d","0.6086956521739131"
"writer_d","0.1702127659574468"
"colors_d","0.23076923076923078"
"headers_d","0.6"
"base_d","0.7857142857142857"
"builtin_d","1.0"
"manager_d","0.8076923076923077"
"conf_d","0.6"
"iterator","0.4297520661157025"
"structure","0.6842105263157895"
"timing","0.5"
"decorators","0.6666666666666666"
"namedtupleutils","0.05714285714285714"
"objutils","0.6296296296296297"
"packages","0.0379746835443038"
"strutils","0.7777777777777778"
"iterator","0.4297520661157025"
"structure","0.6842105263157895"
"timing","0.5"
"common","0.3333333333333333"
"decorators","0.18181818181818182"
"schema","0.7272727272727273"
"en","0.7"
"pl","0.8035714285714286"
"pt_br","0.9375"
"ru","0.9523809523809523"
"address","0.8837209302325582"
"base","0.4411764705882353"
"choice","0.90625"
"internet","0.9705882352941176"
"payment","0.9615384615384616"
"person","0.92"
"_internal_utils","0.76"
"api","0.589041095890411"
"attr_category","0.46511627906976744"
"configuration","0.4583333333333333"
"constants","1.0"
"format","0.21428571428571427"
"utils","0.6363636363636364"
"conf","0.8"
"box","0.9333333333333333"
"either","0.9333333333333333"
"immutable_list","0.7333333333333333"
"lazy","0.6923076923076923"
"maybe","0.5833333333333334"
"monad_try","0.84"
"semigroups","0.9444444444444444"
"task","0.3333333333333333"
"utils","0.3235294117647059"
"validation","0.7083333333333334"
"exchange","0.2727272727272727"
"generic","0.42857142857142855"
"journaling","0.125"
"ledger","0.24390243902439024"
"errors","0.3333333333333333"
"generation","0.8378378378378378"
"jedi_utils","0.41025641025641024"
"config","0.6578947368421053"
"context","0.5555555555555556"
"sessions","0.5"
"status","1.0"
"uploads","0.3409090909090909"
"utils","0.5405405405405406"
"processing","0.6521739130434783"
"writer","0.1702127659574468"
"colors","0.23076923076923078"
"headers","0.6"
"base","0.7857142857142857"
"builtin","1.0"
"manager","0.8076923076923077"
"iterator_d","0.7272727272727273"
"structure_d","0.7894736842105263"
"timing_d","0.5"
"decorators_d","0.6666666666666666"
"namedtupleutils_d","0.9142857142857143"
"objutils_d","0.9259259259259259"
"packages_d","0.0379746835443038"
"strutils_d","0.8333333333333334"
"iterator_d","0.7272727272727273"
"structure_d","0.7894736842105263"
"timing_d","0.5"
"common_d","0.3333333333333333"
"decorators_d","0.18181818181818182"
"en_d","0.9"
"pl_d","0.8392857142857143"
"pt_br_d","0.9375"
"ru_d","0.9761904761904762"
"address_d","0.8837209302325582"
"base_d","0.4411764705882353"
"payment_d","0.9615384615384616"
"person_d","0.9466666666666667"
"structure_d","0.896551724137931"
"api_d","0.589041095890411"
"configuration_d","0.4583333333333333"
"constants_d","1.0"
"format_d","0.21428571428571427"
"utils_d","0.6363636363636364"
"conf_d","0.6"
"box_d","0.9333333333333333"
"either_d","0.9333333333333333"
"immutable_list_d","0.6444444444444445"
"lazy_d","0.5769230769230769"
"maybe_d","0.4444444444444444"
"monad_try_d","0.8"
"semigroups_d","0.75"
"utils_d","0.35294117647058826"
"validation_d","0.7083333333333334"
"exchange_d","0.2727272727272727"
"generic_d","0.42857142857142855"
"journaling_d","0.15"
"ledger_d","0.21951219512195122"
"errors_d","0.3333333333333333"
"generation_d","0.8918918918918919"
"jedi_utils_d","0.4358974358974359"
"base_d","0.9148936170212766"
"composites_d","0.6857142857142857"
"formats_d","0.4461538461538462"
"positional_validation_d","0.25"
"tokenize_yaml_d","0.7619047619047619"
"tokens_d","0.3902439024390244"
"env_d","0.8571428571428571"
"log_d","0.8275862068965517"
"path_d","0.3333333333333333"
"props_d","0.7142857142857143"
"rand_d","1.0"
"simple_import_d","0.6666666666666666"
"blueprint_group_d","0.9"
"cookies_d","0.6595744680851063"
"exceptions_d","0.9555555555555556"
"headers_d","0.2891566265060241"
"helpers_d","0.8333333333333334"
"utils_d","0.7241379310344828"
"config_d","0.6842105263157895"
"context_d","0.5555555555555556"
"sessions_d","0.5208333333333334"
"uploads_d","0.5454545454545454"
"utils_d","0.5945945945945946"
"processing_d","0.6521739130434783"
"writer_d","0.1702127659574468"
"colors_d","0.23076923076923078"
"headers_d","0.6"
"base_d","0.7857142857142857"
"builtin_d","1.0"
"manager_d","0.8076923076923077"
"_timer_d","1.0"
"_timers_d","0.8148148148148148"
"base","0.9468085106382979"
"composites","0.6857142857142857"
"formats","0.5230769230769231"
"json_schema","0.51931330472103"
"fields","0.7196652719665272"
"positional_validation","0.25"
"tokenize_yaml","0.6666666666666666"
"tokens","0.5121951219512195"
"env","0.8571428571428571"
"log","0.8275862068965517"
"path","0.3333333333333333"
"props","0.7142857142857143"
"rand","1.0"
"trees","0.72"
"simple_import","0.6666666666666666"
"blueprint_group","0.9666666666666667"
"cookies","0.40425531914893614"
"exceptions","0.9333333333333333"
"headers","0.26506024096385544"
"helpers","0.6666666666666666"
"utils","0.5862068965517241"
"config","0.6842105263157895"
"context","0.5555555555555556"
"sessions","0.5416666666666666"
"status","1.0"
"uploads","0.3409090909090909"
"utils","0.5405405405405406"
"processing","0.6086956521739131"
"writer","0.1702127659574468"
"colors","0.23076923076923078"
"headers","0.6"
"base","0.7857142857142857"
"builtin","1.0"
"manager","0.8076923076923077"
"_timers","0.7777777777777778"
"_timer","1.0"
"models","0.20454545454545456"
"models_d","0.20454545454545456"
"dicts","0.95"
"dicts_d","1.0"
"requestitems","0.5806451612903226"
"requestitems_d","0.6774193548387096"
"path","0.3333333333333333"
"path_d","0.3333333333333333"
"text","0.9615384615384616"
"color","0.7"
"color_d","0.7"
"errors","0.3333333333333333"
"journaling","0.15"
"ledger","0.2926829268292683"
"ledger_d","0.17073170731707318"
"manipulation","0.7592592592592593"
"simple_import","0.6666666666666666"
"lazy_import","0.45544554455445546"
"router","0.4864864864864865"
"exceptions","0.4444444444444444"
"middleware","0.9166666666666666"
"iterator","0.4297520661157025"
"timing","0.5"
"decorators","0.6666666666666666"
"namedtupleutils","0.05714285714285714"
"objutils","0.6296296296296297"
"packages","0.0379746835443038"
"strutils","0.8333333333333334"
"common","0.3333333333333333"
"decorators","0.18181818181818182"
"schema","0.7272727272727273"
"en","0.7"
"pl","0.8035714285714286"
"pt_br","0.9375"
"ru","0.9761904761904762"
"address","0.8837209302325582"
"base","0.4411764705882353"
"cryptographic","0.9333333333333333"
"payment","0.9615384615384616"
"person","0.9333333333333333"
"structure","0.9310344827586207"
"constants","1.0"
"rand","1.0"
"status","1.0"
"builtin","1.0"
"config","0.6842105263157895"
"iterator","0.45454545454545453"
"structure","0.7368421052631579"
"timing","0.5"
"decorators","0.6666666666666666"
"namedtupleutils","0.05714285714285714"
"objutils","0.6296296296296297"
"packages","0.0379746835443038"
"strutils","0.8333333333333334"
"common","0.3333333333333333"
"decorators","0.18181818181818182"
"schema","0.7272727272727273"
"en","0.8"
"base","0.4411764705882353"
"cryptographic","0.9333333333333333"
"payment","0.9615384615384616"
"_internal_utils","0.76"
"api","0.589041095890411"
"attr_category","0.46511627906976744"
"configuration","0.4583333333333333"
"constants","1.0"
"format","0.21428571428571427"
"utils","0.6363636363636364"
"conf","0.8"
"box","0.9333333333333333"
"either","0.9333333333333333"
"immutable_list","0.7333333333333333"
"lazy","0.6923076923076923"
"maybe","0.5833333333333334"
"monad_try","0.84"
"semigroups","0.9722222222222222"
"task","0.3333333333333333"
"utils","0.3235294117647059"
"validation","0.7083333333333334"
"exchange","0.2727272727272727"
"generic","0.42857142857142855"
"journaling","0.15"
"ledger","0.2926829268292683"
"errors","0.3333333333333333"
"generation","0.8918918918918919"
"jedi_utils","0.41025641025641024"
"base","0.9468085106382979"
"composites","0.6571428571428571"
"json_schema","0.5450643776824035"
"script_0_d","1.0"
"script_1_d","1.0"
"script_2_d","1.0"
"script_3_d","1.0"
"script_4_d","1.0"
"script_5_d","1.0"
"script_6_d","1.0"
"script_7_d","1.0"
"script_8_d","1.0"
"script_9_d","1.0"
"script_10_d","1.0"
"positional_validation","0.25"
"tokenize_json","0.4444444444444444"
"script_11_d","1.0"
"script_12_d","0.8888888888888888"
"tokenize_yaml","0.7142857142857143"
"tokens","0.4634146341463415"
"script_14_d","1.0"
"script_15_d","1.0"
"script_16_d","1.0"
"script_17_d","1.0"
"script_18_d","1.0"
"script_19_d","1.0"
"script_20_d","1.0"
"script_21_d","1.0"
"script_22_d","1.0"
"script_23_d","1.0"
"script_24_d","1.0"
"script_25_d","1.0"
"env","0.8571428571428571"
"log","0.8275862068965517"
"script_26_d","1.0"
"script_27_d","1.0"
"script_28_d","1.0"
"script_29_d","1.0"
"script_30_d","1.0"
"script_31_d","1.0"
"path","0.3333333333333333"
"props","0.7142857142857143"
"script_33_d","1.0"
"script_34_d","1.0"
"script_35_d","1.0"
"script_36_d","1.0"
"script_37_d","1.0"
"script_38_d","1.0"
"rand","1.0"
"script_40_d","1.0"
"script_41_d","1.0"
"script_42_d","1.0"
"script_43_d","1.0"
"script_44_d","1.0"
"script_45_d","1.0"
"simple_import","0.6666666666666666"
"script_46_d","1.0"
"lazy_import","0.40594059405940597"
"script_47_d","1.0"
"script_48_d","1.0"
"script_49_d","1.0"
"script_50_d","1.0"
"script_51_d","1.0"
"script_52_d","1.0"
"script_53_d","1.0"
"script_54_d","1.0"
"blueprint_group","0.8333333333333334"
"script_55_d","1.0"
"cookies","0.48936170212765956"
"script_56_d","1.0"
"script_57_d","1.0"
"script_58_d","1.0"
"exceptions","0.9333333333333333"
"headers","0.26506024096385544"
"helpers","0.6666666666666666"
"script_61_d","1.0"
"script_62_d","1.0"
"script_63_d","1.0"
"utils","0.5862068965517241"
"script_64_d","1.0"
"script_65_d","1.0"
"script_66_d","1.0"
"script_67_d","1.0"
"script_68_d","1.0"
"script_69_d","1.0"
"script_70_d","1.0"
"script_71_d","1.0"
"script_72_d","1.0"
"script_73_d","1.0"
"script_74_d","1.0"
"router","0.4594594594594595"
"routes","0.3918918918918919"
"exceptions","0.4444444444444444"
"script_77_d","1.0"
"script_78_d","1.0"
"script_79_d","1.0"
"script_80_d","1.0"
"middleware","0.9166666666666666"
"script_81_d","0.9259259259259259"
"script_82_d","1.0"
"config","0.6578947368421053"
"script_84_d","1.0"
"script_85_d","1.0"
"script_86_d","1.0"
"script_87_d","1.0"
"script_88_d","1.0"
"script_89_d","1.0"
"script_90_d","1.0"
"script_91_d","1.0"
"script_92_d","1.0"
"script_93_d","1.0"
"script_94_d","1.0"
"script_95_d","1.0"
"script_96_d","1.0"
"script_97_d","1.0"
"script_98_d","1.0"
"context","0.5555555555555556"
"script_99_d","0.8461538461538461"
"script_100_d","1.0"
"script_101_d","1.0"
"script_102_d","1.0"
"script_103_d","1.0"
"script_104_d","1.0"
"script_105_d","0.8"
"sessions","0.6458333333333334"
"status","1.0"
"script_106_d","1.0"
"script_107_d","1.0"
"script_108_d","1.0"
"script_109_d","1.0"
"script_110_d","1.0"
"script_111_d","1.0"
"script_112_d","1.0"
"script_113_d","1.0"
"script_114_d","1.0"
"script_115_d","1.0"
"script_116_d","1.0"
"script_117_d","1.0"
"script_118_d","1.0"
"uploads","0.3409090909090909"
"script_120_d","1.0"
"script_121_d","1.0"
"script_122_d","1.0"
"script_123_d","1.0"
"utils","0.5945945945945946"
"processing","0.6086956521739131"
"script_125_d","1.0"
"script_126_d","1.0"
"writer","0.1702127659574468"
"script_127_d","0.9333333333333333"
"colors","0.23076923076923078"
"script_128_d","1.0"
"script_129_d","1.0"
"script_130_d","1.0"
"script_131_d","1.0"
"script_132_d","1.0"
"script_133_d","1.0"
"script_134_d","1.0"
"script_135_d","1.0"
"script_136_d","1.0"
"script_137_d","1.0"
"script_138_d","1.0"
"headers","0.6"
"base","0.7857142857142857"
"builtin","1.0"
"manager","0.8076923076923077"
"script_142_d","0.8888888888888888"
"script_143_d","0.9230769230769231"
"script_145_d","1.0"
"script_146_d","1.0"
"script_149_d","1.0"
"script_150_d","1.0"
"script_151_d","1.0"
"script_152_d","1.0"
"script_153_d","1.0"
"script_154_d","1.0"
"script_155_d","1.0"
"script_157_d","1.0"
"script_158_d","1.0"
"script_159_d","1.0"
"script_160_d","1.0"
"script_161_d","1.0"
"script_162_d","1.0"
"script_163_d","1.0"
"models_d","0.20454545454545456"
"requestitems_d","0.6451612903225806"
"path_d","1.0"
"color_d","0.7"
"semigroups_d","0.75"
"pgzero_frontend_d","0.6"
"files","0.18181818181818182"
"replay_d","0.3157894736842105"
"find_d","0.45454545454545453"
"repository_d","0.9047619047619048"
"script_1","1.0"
"script_0","1.0"
"script_0","1.0"
"script_1","1.0"
"script_2","1.0"
"script_3","1.0"
"script_4","1.0"
"script_5","1.0"
"script_6","1.0"
"script_7","1.0"
"script_8","1.0"
"script_9","1.0"
"script_10","1.0"
"script_11","1.0"
"script_12","0.8888888888888888"
"script_13","1.0"
"script_14","1.0"
"script_15","1.0"
"script_16","1.0"
"script_17","1.0"
"script_18","1.0"
"script_19","1.0"
"script_20","1.0"
"script_21","1.0"
"script_22","1.0"
"script_23","1.0"
"script_24","1.0"
"script_25","1.0"
"script_26","1.0"
"script_27","1.0"
"script_28","1.0"
"script_29","1.0"
"script_30","1.0"
"script_31","1.0"
"script_33","1.0"
"script_34","1.0"
"script_35","1.0"
"script_36","1.0"
"script_37","1.0"
"script_38","1.0"
"script_40","1.0"
"script_41","1.0"
"script_42","1.0"
"script_43","1.0"
"script_44","1.0"
"script_45","1.0"
"script_46","1.0"
"script_47","1.0"
"script_48","1.0"
"script_49","1.0"
"script_50","1.0"
"script_51","1.0"
"script_52","1.0"
"script_53","1.0"
"script_54","1.0"
"script_55","1.0"
"script_56","1.0"
"script_57","1.0"
"script_58","1.0"
"script_60","1.0"
"script_61","1.0"
"script_62","1.0"
"script_63","1.0"
"script_64","1.0"
"script_65","1.0"
"script_66","1.0"
"script_67","1.0"
"script_68","1.0"
"script_69","1.0"
"script_70","1.0"
"script_71","1.0"
"script_72","1.0"
"script_73","1.0"
"script_74","1.0"
"script_76","1.0"
"script_77","1.0"
"script_78","1.0"
"script_79","1.0"
"script_80","1.0"
"script_82","1.0"
"script_83","1.0"
"script_84","1.0"
"script_85","1.0"
"script_86","1.0"
"script_87","1.0"
"script_88","1.0"
"script_89","1.0"
"script_90","1.0"
"script_91","1.0"
"script_93","1.0"
"script_94","1.0"
"script_96","1.0"
"script_97","1.0"
"script_98","1.0"
"script_99","0.6923076923076923"
"script_100","1.0"
"script_101","1.0"
"script_102","1.0"
"script_103","1.0"
"script_104","1.0"
"script_105","1.0"
"script_106","1.0"
"script_107","1.0"
"script_108","1.0"
"script_109","1.0"
"script_110","1.0"
"script_112","1.0"
"script_113","1.0"
"script_114","1.0"
"script_115","1.0"
"script_116","1.0"
"script_117","1.0"
"script_118","1.0"
"script_120","1.0"
"script_121","1.0"
"script_122","1.0"
"script_123","1.0"
"script_125","1.0"
"script_126","1.0"
"script_128","1.0"
"script_129","1.0"
"script_130","1.0"
"script_131","1.0"
"script_132","1.0"
"script_133","1.0"
"script_134","1.0"
"script_135","1.0"
"script_136","1.0"
"script_137","1.0"
"script_138","1.0"
"script_139","1.0"
"script_145","1.0"
"script_146","1.0"
"script_149","1.0"
"script_150","1.0"
"script_151","1.0"
"script_152","1.0"
"script_153","1.0"
"script_154","1.0"
"script_155","1.0"
"script_157","1.0"
"script_158","1.0"
"script_159","1.0"
"script_160","1.0"
"script_161","1.0"
"script_162","1.0"
"script_163","1.0"
"lazy","0.5769230769230769"
"semigroups","0.9722222222222222"
"immutable_list","0.6444444444444445"
"colors","0.10256410256410256"
"generation","0.8918918918918919"
"env","0.7857142857142857"
"script_0_d","1.0"
"script_1_d","1.0"
"script_2_d","1.0"
"script_3_d","1.0"
"script_4_d","1.0"
"script_5_d","1.0"
"script_6_d","1.0"
"script_7_d","1.0"
"script_8_d","1.0"
"script_9_d","1.0"
"script_10_d","1.0"
"journaling","0.125"
"script_0_d","1.0"
"script_0_d","1.0"
"script_1_d","1.0"
"script_2_d","1.0"
"script_3_d","1.0"
"script_4_d","1.0"
"script_5_d","1.0"
"script_6_d","1.0"
"script_7_d","1.0"
"script_8_d","1.0"
"script_9_d","1.0"
"script_0_d","1.0"
"script_1_d","1.0"
"script_2_d","1.0"
"script_3_d","1.0"
"script_4_d","1.0"
"script_5_d","1.0"
"script_6_d","1.0"
"script_7_d","1.0"
"script_8_d","1.0"
"script_9_d","1.0"
"script_10_d","1.0"
"script_11_d","1.0"
"script_12_d","0.8888888888888888"
"status","1.0"
"script_14_d","1.0"
"script_15_d","1.0"
"script_16_d","1.0"
"script_17_d","1.0"
"script_18_d","1.0"
"script_19_d","1.0"
"script_20_d","1.0"
"script_21_d","1.0"
"script_22_d","1.0"
"script_23_d","1.0"
"script_24_d","1.0"
"script_25_d","1.0"
"script_26_d","1.0"
"script_27_d","1.0"
"script_28_d","1.0"
"script_29_d","1.0"
"script_30_d","1.0"
"script_31_d","1.0"
"script_33_d","1.0"
"script_34_d","1.0"
"script_35_d","1.0"
"script_36_d","1.0"
"script_37_d","1.0"
"script_38_d","1.0"
"script_40_d","1.0"
"script_41_d","1.0"
"script_42_d","1.0"
"script_43_d","1.0"
"script_44_d","1.0"
"script_45_d","1.0"
"script_46_d","1.0"
"script_47_d","1.0"
"script_48_d","1.0"
"script_49_d","1.0"
"script_50_d","1.0"
"script_51_d","1.0"
"script_52_d","1.0"
"script_53_d","1.0"
"script_54_d","1.0"
"script_55_d","1.0"
"script_56_d","1.0"
"script_57_d","1.0"
"script_58_d","1.0"
"script_61_d","1.0"
"script_62_d","1.0"
"script_63_d","1.0"
"script_64_d","1.0"
"script_65_d","1.0"
"script_66_d","1.0"
"script_67_d","1.0"
"script_68_d","1.0"
"script_69_d","1.0"
"script_70_d","1.0"
"script_71_d","1.0"
"script_72_d","1.0"
"script_73_d","1.0"
"script_74_d","1.0"
"script_77_d","1.0"
"script_78_d","1.0"
"script_79_d","1.0"
"script_80_d","1.0"
"script_81_d","0.9259259259259259"
"script_82_d","1.0"
"script_84_d","1.0"
"script_85_d","1.0"
"script_86_d","1.0"
"script_87_d","1.0"
"script_88_d","1.0"
"script_89_d","1.0"
"script_90_d","1.0"
"script_91_d","1.0"
"script_92_d","1.0"
"script_93_d","1.0"
"script_94_d","1.0"
"script_95_d","1.0"
"script_96_d","1.0"
"script_97_d","1.0"
"script_98_d","1.0"
"script_99_d","0.7692307692307693"
"script_100_d","1.0"
"script_101_d","1.0"
"script_102_d","1.0"
"script_103_d","1.0"
"script_104_d","1.0"
"script_105_d","0.8"
"script_107_d","1.0"
"script_108_d","1.0"
"script_109_d","1.0"
"script_110_d","1.0"
"script_111_d","1.0"
"script_112_d","1.0"
"script_113_d","1.0"
"script_114_d","1.0"
"script_115_d","1.0"
"script_116_d","1.0"
"script_117_d","1.0"
"script_118_d","1.0"
"script_119_d","0.8461538461538461"
"script_120_d","1.0"
"script_121_d","1.0"
"script_122_d","1.0"
"script_123_d","1.0"
"script_124_d","0.043478260869565216"
"script_125_d","1.0"
"script_126_d","1.0"
"script_127_d","0.9333333333333333"
"script_128_d","1.0"
"script_129_d","1.0"
"script_130_d","1.0"
"script_131_d","1.0"
"script_132_d","1.0"
"script_133_d","1.0"
"script_134_d","1.0"
"script_135_d","1.0"
"script_136_d","1.0"
"script_137_d","1.0"
"script_138_d","1.0"
"script_140_d","0.8666666666666667"
"script_141_d","0.26666666666666666"
"script_142_d","0.8888888888888888"
"script_143_d","0.9230769230769231"
"script_144_d","0.3333333333333333"
"script_145_d","1.0"
"script_146_d","1.0"
"script_148_d","0.2222222222222222"
"script_149_d","1.0"
"script_150_d","1.0"
"script_151_d","1.0"
"script_152_d","1.0"
"script_153_d","1.0"
"script_154_d","1.0"
"script_155_d","1.0"
"script_157_d","1.0"
"script_158_d","1.0"
"script_159_d","1.0"
"script_160_d","1.0"
"script_161_d","1.0"
"script_162_d","1.0"
"script_163_d","1.0"
"script_0","1.0"
"script_1","1.0"
"script_2","1.0"
"script_3","1.0"
"script_4","1.0"
"script_5","1.0"
"script_6","1.0"
"script_7","1.0"
"script_8","1.0"
"script_9","1.0"
"script_10","1.0"
"script_11","1.0"
"script_12","0.8888888888888888"
"script_13","1.0"
"script_14","1.0"
"script_15","1.0"
"script_16","1.0"
"script_17","1.0"
"script_18","1.0"
"script_19","1.0"
"script_20","1.0"
"script_21","1.0"
"script_22","1.0"
"script_23","1.0"
"script_24","1.0"
"script_25","1.0"
"script_26","1.0"
"script_27","1.0"
"script_28","1.0"
"script_29","1.0"
"script_30","1.0"
"script_31","1.0"
"script_33","1.0"
"script_34","1.0"
"script_35","1.0"
"script_36","1.0"
"script_37","1.0"
"script_38","1.0"
"script_40","1.0"
"script_41","1.0"
"script_42","1.0"
"script_43","1.0"
"script_44","1.0"
"script_45","1.0"
"script_46","1.0"
"script_47","1.0"
"script_48","1.0"
"script_49","1.0"
"script_50","1.0"
"script_51","1.0"
"script_52","1.0"
"script_53","1.0"
"script_54","1.0"
"script_55","1.0"
"script_56","1.0"
"script_57","1.0"
"script_58","1.0"
"script_59","0.9230769230769231"
"script_60","1.0"
"script_61","1.0"
"script_62","1.0"
"script_63","1.0"
"script_64","1.0"
"script_65","1.0"
"script_66","1.0"
"script_67","1.0"
"script_68","1.0"
"script_69","1.0"
"script_70","1.0"
"script_71","1.0"
"script_72","1.0"
"script_73","1.0"
"script_74","1.0"
"script_76","1.0"
"script_77","1.0"
"script_78","1.0"
"script_79","1.0"
"script_80","1.0"
"script_81","0.7407407407407407"
"script_82","1.0"
"script_83","1.0"
"script_84","1.0"
"script_85","1.0"
"script_86","1.0"
"script_87","1.0"
"script_88","1.0"
"script_89","1.0"
"script_90","1.0"
"script_91","1.0"
"script_92","0.9230769230769231"
"script_93","1.0"
"script_94","1.0"
"script_95","0.9130434782608695"
"script_96","1.0"
"script_97","1.0"
"script_98","1.0"
"script_99","0.6153846153846154"
"script_100","1.0"
"script_101","1.0"
"script_102","1.0"
"script_103","1.0"
"script_104","1.0"
"script_105","1.0"
"script_106","1.0"
"script_107","1.0"
"script_108","1.0"
"script_109","1.0"
"script_110","1.0"
"script_111","0.9230769230769231"
"script_112","1.0"
"script_113","1.0"
"script_114","1.0"
"script_115","1.0"
"script_116","1.0"
"script_117","1.0"
"script_118","1.0"
"script_119","0.9230769230769231"
"script_120","1.0"
"script_121","1.0"
"script_122","1.0"
"script_123","1.0"
"script_124","0.043478260869565216"
"script_125","1.0"
"script_126","1.0"
"script_127","0.8"
"script_128","1.0"
"script_129","1.0"
"script_130","1.0"
"script_131","1.0"
"script_132","1.0"
"script_133","1.0"
"script_134","1.0"
"script_135","1.0"
"script_136","1.0"
"script_137","1.0"
"script_138","1.0"
"script_140","0.8666666666666667"
"script_141","0.26666666666666666"
"script_142","0.8888888888888888"
"script_143","0.9230769230769231"
"script_144","0.3333333333333333"
"script_145","1.0"
"script_146","1.0"
"script_148","0.2222222222222222"
"script_149","1.0"
"script_150","1.0"
"script_151","1.0"
"script_152","1.0"
"script_153","1.0"
"script_154","1.0"
"script_155","1.0"
"script_157","1.0"
"script_158","1.0"
"script_159","1.0"
"script_160","1.0"
"script_161","1.0"
"script_162","1.0"
"script_163","1.0"
"status","1.0"
"structure","0.6491228070175439"
"timing","0.5"
"decorators","0.18181818181818182"
"schema","0.6666666666666666"
"base","0.4411764705882353"
"cryptographic","0.9333333333333333"
"generic","0.5909090909090909"
"structure","0.9310344827586207"
"constants","1.0"
"utils","0.6363636363636364"
"conf","0.8"
"box","0.9333333333333333"
"lazy","0.6923076923076923"
"monad_try","0.84"
"semigroups","0.9722222222222222"
"generic","0.42857142857142855"
"positional_validation","0.25"
"tokenize_json","0.4444444444444444"
"tokenize_yaml","0.5714285714285714"
"tokens","0.43902439024390244"
"env","0.7857142857142857"
"log","0.8275862068965517"
"rand","1.0"
"utils","0.5862068965517241"
"router","0.2972972972972973"
"status","1.0"
"utils","0.5945945945945946"
"writer","0.1702127659574468"
"colors","0.10256410256410256"
"builtin","1.0"
"sessions","0.5416666666666666"
"_timers","0.7777777777777778"
"_timers","0.7777777777777778"
"_timers","0.7777777777777778"
"_timers","0.8148148148148148"
"_timers","0.7777777777777778"
"_timers","0.8148148148148148"
"_timers","0.7407407407407407"
"_timers","0.8148148148148148"
"_timers","0.8148148148148148"
"_timers","0.7777777777777778"
"_timers","0.7777777777777778"
"_timers","0.7407407407407407"
"_timers_d","0.8148148148148148"
"_timer_d","1.0"
"_timer_d","1.0"
"_timer_d","1.0"
"common_d","0.37037037037037035"
"_timers_d","0.8148148148148148"
"_timer_d","1.0"
"_timer_d","1.0"
"_timer_d","1.0"
"_timer_d","1.0"
"_timer_d","1.0"
"_timer_d","1.0"
"_timer_d","0.8666666666666667"
"_timers_d","0.8148148148148148"
"_timers_d","0.8148148148148148"
"_timer_d","1.0"
"_timer_d","1.0"
"_timer_d","1.0"
"_timer_d","1.0"
"_timer_d","0.8666666666666667"
"script_111_d","1.0"
"_timers","0.7777777777777778"
"packages_d","0.0379746835443038"
"_timers","0.7777777777777778"
"_timers","0.5185185185185185"
"_timers","0.7037037037037037"
"packages_d","0.0379746835443038"
"packages_d","0.0379746835443038"
"_timers","0.8148148148148148"
"schema_d","0.696969696969697"
"address_d","0.8837209302325582"
"tokenize_yaml","0.7619047619047619"
"en_d","0.7"
"en_d","0.9"
"en_d","0.8"
"en_d","0.8"
"en_d","0.9"
"en_d","0.9"
"en","0.9"
"packages_d","0.0379746835443038"
"packages_d","0.0379746835443038"
"queue_example","1.0"
"en_d","0.9"
"iterator","0.4297520661157025"
"iterator","0.5041322314049587"
"structure_d","0.8070175438596491"
"structure_d","0.8070175438596491"
"timing_d","0.5"
"decorators_d","0.6666666666666666"
"namedtupleutils_d","0.9428571428571428"
"packages_d","0.0379746835443038"
"strutils_d","0.8333333333333334"
"common_d","0.3333333333333333"
"decorators_d","0.18181818181818182"
"en_d","0.9"
"pt_br_d","0.9375"
"address_d","0.8837209302325582"
"base_d","0.4411764705882353"
"cryptographic_d","0.9333333333333333"
"internet_d","1.0"
"payment_d","0.9615384615384616"
"person_d","0.9466666666666667"
"address_d","0.8837209302325582"
"configuration_d","0.4583333333333333"
"constants_d","1.0"
"utils_d","0.6363636363636364"
"conf_d","0.6"
"box_d","0.9333333333333333"
"either_d","0.9333333333333333"
"immutable_list_d","0.6444444444444445"
"lazy_d","0.5769230769230769"
"maybe_d","0.4444444444444444"
"monad_try_d","0.8"
"utils_d","0.38235294117647056"
"validation_d","0.7083333333333334"
"exchange_d","0.2727272727272727"
"generic_d","0.42857142857142855"
"journaling_d","0.15"
"jedi_utils_d","0.4358974358974359"
"fields_d","0.7405857740585774"
"positional_validation_d","0.25"
"tokenize_yaml_d","0.7142857142857143"
"env_d","0.8571428571428571"
"path_d","0.3333333333333333"
"props_d","0.7142857142857143"
"rand_d","1.0"
"simple_import_d","0.6666666666666666"
"blueprint_group_d","0.8333333333333334"
"utils_d","0.7241379310344828"
"config_d","0.6842105263157895"
"context_d","0.5555555555555556"
"sessions_d","0.5625"
"uploads_d","0.4772727272727273"
"utils_d","0.5945945945945946"
"processing_d","0.6521739130434783"
"writer_d","0.1702127659574468"
"colors_d","0.23076923076923078"
"headers_d","0.6"
"builtin_d","1.0"
"manager_d","0.8076923076923077"
"packages_d","0.6329113924050633"
"iterator","0.49586776859504134"
"timing_d","0.5"
"decorators_d","0.6666666666666666"
"objutils_d","0.9259259259259259"
"packages_d","0.6329113924050633"
"common_d","0.3333333333333333"
"en_d","0.9"
"ru_d","0.9761904761904762"
"address_d","0.8837209302325582"
"base_d","0.4411764705882353"
"choice_d","0.7894736842105263"
"cryptographic_d","0.9333333333333333"
"internet_d","1.0"
"payment_d","0.9615384615384616"
"person_d","0.96"
"address_d","0.8837209302325582"
"configuration_d","0.4583333333333333"
"constants_d","1.0"
"format_d","0.21428571428571427"
"conf_d","0.6"
"box_d","0.9333333333333333"
"either_d","0.9666666666666667"
"lazy_d","0.5769230769230769"
"maybe_d","0.4444444444444444"
"monad_try_d","0.8"
"semigroups_d","0.8888888888888888"
"validation_d","0.7083333333333334"
"exchange_d","0.2727272727272727"
"generic_d","0.42857142857142855"
"journaling_d","0.15"
"ledger_d","0.17073170731707318"
"errors_d","0.3333333333333333"
"generation_d","0.8918918918918919"
"jedi_utils_d","0.4358974358974359"
"composites_d","0.8"
"formats_d","0.6615384615384615"
"fields_d","0.7635983263598326"
"log_d","0.8275862068965517"
"path_d","0.3333333333333333"
"props_d","0.7142857142857143"
"rand_d","1.0"
"simple_import_d","0.6666666666666666"
"blueprint_group_d","0.9333333333333333"
"cookies_d","0.5957446808510638"
"exceptions_d","0.9555555555555556"
"headers_d","0.3132530120481928"
"helpers_d","0.7777777777777778"
"utils_d","0.7931034482758621"
"config_d","0.6842105263157895"
"context_d","0.5555555555555556"
"models_d","0.20454545454545456"
"uploads_d","0.45454545454545453"
"utils_d","0.5405405405405406"
"processing_d","0.6521739130434783"
"writer_d","0.1702127659574468"
"base_d","0.7857142857142857"
"builtin_d","1.0"
"manager_d","0.8076923076923077"
"namedtupleutils_d","0.9714285714285714"
"objutils_d","0.9259259259259259"
"iterator_d","0.5867768595041323"
"structure_d","0.8070175438596491"
"sessions_d","0.6458333333333334"
"schema_d","0.6666666666666666"
"en_d","0.9"
"address_d","0.8837209302325582"
"lib_d","0.7777777777777778"
"jedi_utils_d","0.4358974358974359"
"tokens_d","0.4634146341463415"
"tokenize_yaml_d","0.7142857142857143"
"files_d","0.18181818181818182"
"path_d","0.3333333333333333"
"lazy_import_d","0.40594059405940597"
"utils_d","0.7931034482758621"
"cookies_d","0.574468085106383"
"blueprint_group_d","0.8"
"middleware_d","0.8333333333333334"
"packages_d","0.620253164556962"
"packages_d","0.8227848101265823"
"timing_d","0.5"
"decorators_d","0.6666666666666666"
"objutils_d","0.7777777777777778"
"packages_d","0.810126582278481"
"packages_d","0.4810126582278481"
"packages_d","0.8227848101265823"
